{"cameraMode":{"drawMode":0,"name":"Shaded","section":"Shading Mode"},"sceneLighting":false,"audioPlay":false,"sceneViewState":{"m_AlwaysRefresh":false,"showFog":true,"showSkybox":false,"showFlares":true,"showImageEffects":true,"showParticleSystems":true,"showVisualEffectGraphs":true,"m_FxEnabled":true},"in2DMode":false,"pivot":{"x":0.46972227096557619,"y":3.48138427734375,"z":-5.112607955932617},"rotation":{"x":-0.12729085981845857,"y":-0.05145663768053055,"z":0.0066124615259468559,"w":-0.990515947341919},"size":10.136567115783692,"orthographic":false}